n,niv_all,niv_single
1000,3.4965172190415546e-05,0.1608219010472291
1000,0.0003724001737569727,0.023758521966254838
1000,0.0008688919541886756,0.008911725586769111
1000,0.005031315138411279,0.006261304328869873
1000,0.07537155612783328,1.8387116719019925
1000,5.287965173361043e-05,0.04334938679895901
1000,0.0004876423265907464,0.7821506362914914
1000,0.029553024421221256,0.16588218192999854
1000,9.164989555583507e-05,1.0031154459778853
1000,0.004008654864383112,0.06842848651468217
1000,0.001850074055020003,0.16593945830803064
1000,0.00015952122821410032,0.12071387224085237
1000,0.0003950974681754248,0.11326068060196279
1000,0.010904515481564665,0.06433661722975578
1000,0.00017945524437407346,0.031535917612800966
1000,0.0012624452606840775,0.0138993470641862
1000,0.002163098985840918,0.0822257659578706
1000,3.160334256792847e-05,0.002947666034064749
1000,0.0014358333221974624,0.42638096836389466
1000,0.002035092274326889,0.02072284445282871
1000,0.0047064231862654635,0.21536295950635798
1000,0.00271294319988951,0.0017114014763496236
1000,0.0017640392398521616,0.043682443872896375
1000,3.54468270328426e-05,0.004124338221462332
1000,0.001291682376812658,0.002330822317769468
1000,0.0023306097839646813,0.0026857487980948354
1000,0.0015597616671293182,0.0016343699207210603
1000,0.0009184675336926148,0.014620033423060261
1000,0.0033928808898782414,0.0006664203624044735
1000,0.0009184248873938275,0.0028568949805460246
1000,0.013058223091418847,0.005233092655068253
1000,0.006810256142882854,0.0019302801914107333
1000,0.002103431102023893,0.014443296977022685
1000,0.006501996743676064,0.054346033346141895
1000,0.010769292083621405,0.01197524642754674
1000,0.003893044281219332,0.00413366043947346
1000,0.0029950106245947546,0.010995880825257836
1000,0.0005296216327118485,0.0013273491696737035
1000,0.007354349661776437,0.09085645363510889
1000,0.00314237688154797,0.03262126562274686
1000,0.00384391954511346,0.023683936004715463
1000,0.005337847602979047,0.015190773475303048
1000,0.00018640242446891944,0.0009477147817580006
1000,0.16040008372264808,0.10089189789287456
1000,0.0025571123935122448,0.031532614207351664
1000,0.0009389721780511164,0.0010515238982515879
1000,0.0015239046764369576,0.03386662052430676
1000,0.022000976600747603,0.035473462075551306
1000,0.002056516797803513,0.01838783239397563
1000,0.0003841019243445008,0.005281092917671343
1000,0.001343887166763973,0.24318607104971898
1000,0.05062368381819969,0.10196606116569504
1000,0.0017175532956849998,0.0001805226068332905
1000,0.04629407055482526,0.02929539575968849
1000,0.002395049988731939,0.0002554874065647635
1000,0.005954713510237203,0.008283683156799369
1000,0.011830435962539323,0.0773833501932171
1000,0.0055893789184937575,0.06467366645519759
1000,0.001396399310087042,0.014839934232682891
1000,0.001453286003563071,0.03490536430366646
1000,0.0005177948420038894,0.004613063441139669
1000,0.0005358195247362281,0.5803131528013772
1000,0.002138744775258405,0.001732239395716917
1000,0.0007085039329318376,0.2712219818660295
1000,0.01854838319163051,0.015031494805380238
1000,0.01408919424506638,0.32191436955372954
1000,0.0021471527731125465,0.05398360396273315
1000,0.00017760222041749633,0.00011542355334599006
1000,8.7770893974577e-05,0.00802757520548508
1000,0.00023078596461531078,0.00011605271532043779
1000,0.0005601300086751709,0.08426990909390612
1000,0.001634579468823922,0.011720968070316622
1000,0.0012267631810652514,0.008255964836913722
1000,0.0008087210993563644,0.15498954264889983
1000,0.00015147055529354006,0.011003817202826243
1000,0.0015201764387297663,0.0030818608388829107
1000,0.02708674541735725,0.00998681179133071
1000,1.4603147169215336,0.06071183187750765
1000,0.00011093933901383072,0.11966452201789408
1000,0.0023577884414566286,0.00424727601368696
1000,0.015763603270132476,0.036833447253436756
1000,0.003254866956530561,0.6126575289335381
1000,0.002359985900869875,0.014874511809803948
1000,0.08654828358361222,0.3172607610781924
1000,0.0015085459593461943,0.00024962945950809717
1000,0.005991615997442576,0.014770541639999468
1000,0.000926212032597314,0.14433581390335531
1000,0.0006038152965467603,0.06457432999957954
1000,0.0002466679749883134,0.060074508333779586
1000,0.005291800455764507,0.09935738889706322
1000,0.010601027930857442,0.5749817402862147
1000,0.0016778538165822224,0.15638864468062438
1000,0.00048720319565185986,0.1038547291543429
1000,0.008362929456848073,0.0006917727310611736
1000,0.0016892907682072706,0.09016872141220308
1000,0.0024523883605420834,1.2716056616810083
1000,0.0004884491890412993,0.030361667119392467
1000,0.01632254959566549,0.026798508908197044
1000,0.003863051564818692,0.0027303214113794036
1000,0.0005501736554639345,0.002829104889308731
1000,0.00012933646288512487,0.00027143660253193326
1000,0.0021658898662916784,0.004304345924707903
1000,0.012140291417012377,0.00500289084502272
1000,0.0012830734595732762,0.013291240513154955
1000,0.0013491833394341914,0.017738656982141852
1000,0.0005969599408471555,0.000952303510365427
1000,0.005454418298014734,0.004333180791749199
1000,0.0003362770425446305,0.28648198365234034
1000,0.0008169210084405362,0.35461838054740324
1000,0.0009439409562917511,0.025834689420466062
1000,0.005499973398442532,0.009895907047819823
1000,0.003967872412624423,0.008196631804140197
1000,0.0024648718222403908,0.0033693845525742242
1000,0.00033793624402261976,0.004312109550375984
1000,0.007840093546203254,0.03797925322527251
1000,0.00546726909375578,0.505693004253496
1000,0.0009273203093184687,0.022217590950008324
1000,0.0005360138659425981,0.007066651016640553
1000,0.015215035106864061,0.23833045025449356
1000,0.01091220812165491,0.006100077588007791
1000,0.012266981533763346,0.0012241437918885413
1000,0.0022348301903203386,0.09563356759106258
1000,1.8929304228028604e-05,0.003908086049520728
1000,0.019759862524584816,0.3431664185695774
1000,0.0044131875010093,0.07692935752318289
1000,0.0003120397476312195,1.7306131503693218
1000,0.00017526653939047398,0.04709940329806504
1000,0.009947545165422348,0.14572283355615995
1000,0.12182428773880045,0.028078208919150034
1000,0.00020015725843628923,0.1022401847096492
1000,0.002158925503968337,0.1496311257802975
1000,0.0007869929813692778,0.06143507494791319
1000,0.007045639948472381,0.05629193067502593
1000,0.0084908310133303,0.009549936947070419
1000,0.001530402207654462,0.0012184850523567665
1000,0.003336556326586561,0.023012457877230684
1000,0.0009249937555092433,0.0009550124981182878
1000,0.0019479397378557508,0.005315502076596457
1000,0.001106541909407953,0.011825889356155694
1000,2.4993215718066215e-05,0.1845978782282185
1000,0.0012810326943096374,0.01712328333617675
1000,0.0006938916808812536,0.0005234482698763706
1000,0.013362615957688031,0.2644110125113754
1000,0.002883634403945577,0.013322203660992038
1000,3.3376760913409965e-05,0.03952587647679919
1000,0.003721464932763927,0.0006348315257815003
1000,0.0010283325237982093,0.0015473688998069702
1000,0.0003201763228889198,0.005348386561645773
1000,0.006359333067756136,0.002827950916973427
1000,0.0036338271100498096,0.03550430966400041
1000,0.0022288067881016454,0.011417107468738941
1000,0.001569661716227158,0.1774405246749912
1000,0.00022022662182480808,0.10898123289752074
1000,0.00023848042867109656,0.00042473397619902906
1000,0.0027915855967526352,0.005758425372132973
1000,0.001333096407357555,1.95465250473832e-05
1000,3.097099263019447e-05,0.7394673966397838
1000,0.0033522225553324404,0.005373655551976276
1000,0.0014636559234902451,0.004643843101929119
1000,0.058391055764695186,0.0028645621979663865
1000,0.002378954895115093,0.04358996620411319
1000,0.004997019877811396,0.003457071921376442
1000,0.014717338641643252,0.029031407647736745
1000,0.00053411255969051,0.005944133104039144
1000,0.0004656900440667154,0.11124657931205897
1000,0.0073470937602166915,0.03991227799733341
1000,0.001811899457826308,0.0019950482776375338
1000,0.025925566506680486,0.004192712350863791
1000,0.00898665335228643,0.20730250996761054
1000,0.0014330431974460126,0.05716502413823564
1000,0.0002628863099730978,0.00816911427317946
1000,0.005737634833168844,0.010882991786963836
1000,0.00337448523621696,0.01244652966073316
1000,0.0009337873566558208,0.02203771428848288
1000,0.002950756861907378,0.04403279408374081
1000,0.0012289818633649757,0.004066615922827088
1000,0.00019282921697754996,0.15299585910816277
1000,0.003406612022942253,0.07421087235480646
1000,0.00030914495210178263,0.004242299301202646
1000,0.0028144817010224664,0.018463099051502292
1000,0.0009171925916193775,0.6257065611474407
1000,0.003042766928402127,0.0039781348889524
1000,0.0024306580876816866,0.03429501011008605
1000,0.0015895879387395136,0.002026232517636434
1000,0.0010828935356759057,0.011415443373617232
1000,0.010097000833533602,0.05943642461133684
1000,0.00101186338675527,0.0025117620305443325
1000,0.0007638017926097174,0.04403441723110035
1000,0.0015207336882400002,0.0009263677727738634
1000,0.002788284139992118,0.0005840785716534104
1000,7.123229550370499e-05,0.0010863434833046914
1000,0.08673688670942645,0.005651867445668972
1000,0.0035701372181710643,0.10255316479004975
1000,0.0058200873666176475,0.3303706327648913
1000,0.0015313085444085563,0.010540923256729728
1000,0.006928273158900139,0.03772942920674184
1000,0.010235621821510863,0.03234616455442787
1000,0.00022561132341266583,0.025414832353110046
1000,0.0014197715813901927,0.014715157163039208
1000,0.009999922988849285,0.05250850020448668
1000,0.002154580287815415,0.039006593587194625
1000,0.026150397633310764,3.4109665068422155
1000,0.0028103718845876426,0.08723873974582155
1000,0.010001071302231448,0.025255844707754903
1000,0.0023448306915415207,0.002263678758068353
1000,0.007285772418155641,0.11909472388488267
1000,0.002391082311715001,0.0030197468779773516
1000,0.0025498031945896935,3.9662420412218595
1000,0.00041528393921912534,0.00541970590116639
1000,0.0012481992520582668,0.003823606051233943
1000,0.0018093272944735175,0.0024232266729021694
1000,0.0008897416070673773,0.002302579084037652
1000,0.00292346900774632,0.9119323173709531
1000,0.04179424676713482,0.03158090916511069
1000,0.025472023672303633,0.22681377874988823
1000,0.0002149754270593413,6.919355242521314e-05
1000,0.011832255048651735,0.008257239682331465
1000,0.006168686768415039,0.0008709290378616788
1000,0.0005189019753781245,0.2650310254038938
1000,0.01023209046041142,0.08015390161733559
1000,0.025219177944061553,0.0672949244156393
1000,0.0024877412552556178,0.006379863494712634
1000,0.0010897001112319875,0.07971199218836568
1000,0.0009852542688540736,0.00019623267918962147
1000,0.008265257724065387,0.07456692444284382
1000,0.0005899801727446955,0.00012054160957679786
1000,0.0006355036114325831,0.07069730486484438
1000,0.0006235486423571727,0.13380692810221498
1000,0.0005819099861813632,0.0030799890445208675
1000,0.0027997827668526302,0.027283086902589904
1000,0.002037023844550603,0.10027898190496387
1000,0.0066333680766925114,0.016623504671670668
1000,0.011974753905777916,0.02080577230630756
1000,0.0013280054450937227,0.005041856538469709
1000,0.004119900238146588,0.6907190214772413
1000,0.028934376172725262,0.007269305619719625
1000,0.0033882103900619064,0.01698990673335509
1000,0.015981513783388412,0.004433819581885393
1000,0.0022330942249633792,0.003571960972274039
1000,0.0012704330780378193,0.0094103045578925
1000,0.0013633661194963592,0.05327316483156362
1000,0.0011534557693254502,0.08514770110942517
1000,3.787271584232122e-05,0.032276446591052166
1000,0.008821543059116352,1.0512657169160087
1000,0.00031105384019794886,0.06713359271773021
1000,0.005239820023195214,0.15381123609195582
1000,0.00467669806670917,1.0926184029561539
1000,0.031162157271902868,0.034973108689040674
1000,0.01795335834998817,0.12402033319190389
1000,0.0002447918740546086,0.039686662363842995
1000,0.009469621934436751,0.14177693487018517
1000,0.0008770731038179189,0.0033683431265718313
1000,0.0004787439916457242,0.08107087330317217
1000,0.0023092328578906453,0.016211077752334206
1000,0.007002391098994998,0.017060484523647657
1000,0.001979247885936025,0.0009929949576295302
1000,0.009424409680696823,0.003124049334396861
1000,0.0001320933229347507,0.0004085014095399065
1000,0.013253083321962827,0.07637637731129447
1000,0.0012080012940791068,0.003677063532555931
1000,0.0020496957217119613,0.00339727997859125
1000,0.08201171912491123,0.006609031066114382
1000,0.002974461393284797,0.001072870907168983
1000,0.026376269074141583,0.0023416733422288653
1000,0.000140915263035193,0.045338860096189246
1000,0.0026204618012290147,0.024969125474665076
1000,0.0010786673964104914,0.004022271694878121
1000,0.02840862712600452,0.002467672524734204
1000,0.005164451702444768,0.5030044502040616
1000,0.0007972634100488687,0.011157589410801309
1000,0.000140846878876535,0.03887496573678144
1000,0.0047750225204532485,0.06548564327546794
1000,0.0003878002452577061,0.0038005056134812224
1000,0.0013082999009614432,0.0021561855770221875
1000,0.0033304075256716534,0.0017060893492235611
1000,0.004352632310730872,0.009743550471161804
1000,0.0012914201349338052,0.3012290397857843
1000,0.0004408584747941184,0.002358364939842262
1000,0.01750364331214447,0.01977149426217064
1000,0.07481111428480111,0.10934986137481836
1000,0.008642366025976456,0.15058235923258484
1000,0.011991412202326678,0.09468510577735736
1000,0.0007940712429799166,0.09373627454879621
1000,0.0028592699222703922,0.06831294065469606
1000,0.2526330673854932,0.00377997772669316
1000,0.0032325251597274144,0.018630154510429313
1000,0.0013876348631653886,0.009890655021680236
1000,0.0006505010883294667,7.634411646731256e-05
1000,0.02018877767096865,0.022335401550549853
1000,0.0012059833139828476,0.01720025737288327
1000,0.0012539740749816042,0.02575996604812291
1000,0.0007896342177995898,0.28543339994248296
1000,0.0017184749871779776,0.007231294176151916
1000,0.0034174007997275963,0.21687966744976453
1000,0.004263481798283941,0.35308521733689924
1000,0.009643767246140914,0.036759132134200144
1000,0.008786943877682257,0.0024745870298245242
1000,0.0016274047919153452,0.02348054312635806
1000,0.00026646584266685114,1.6165280396563262
1000,0.00875788656611912,0.043494521773463114
1000,0.021122271845882806,0.001994856728186706
1000,0.0014363984386686567,0.0006657687455398159
1000,0.011565334859487731,4.045514371031141e-05
1000,0.030512426514454426,0.0037471594791497914
1000,0.004214961080600125,0.027235907091767552
1000,0.009760312620402261,0.012743610211277323
1000,0.0034825512615099196,0.0015109170420872357
1000,0.008703076440602291,0.0128816188279749
1000,0.002092621835433689,0.002792706397297158
1000,0.002483437317659004,0.034528984719295455
1000,0.00041734402597714784,0.6037444541880241
1000,0.001504441739286474,0.004720749981458932
1000,0.03299269438190089,0.005524178016576705
1000,0.004924085965515074,0.003596304518752494
1000,0.002444302195049098,0.1291792991644598
1000,0.0013498482885472038,0.022018496495187723
1000,0.0336959361219761,0.03725307815217593
1000,0.0014278539346094389,0.0014683244551605523
1000,0.0012373617399474295,0.02632916601218674
1000,0.0005264049603388991,0.18636403992928002
1000,0.002074503534383528,0.007847668218412453
1000,0.04586384786021276,0.01875922303835006
1000,0.0008321362908387803,0.005134178493754705
1000,0.0023466662196043424,1.0416760156630616
1000,0.0026390057269249255,0.6196655997478896
1000,0.03881755653403414,0.22952060086285533
1000,0.002297652779067746,0.07461967307487116
1000,0.00042920639585389546,0.031947456273566634
1000,7.47623200873653e-05,0.05342329156940397
1000,0.000991780700663657,0.04364799916668817
1000,0.00018856195358661203,0.011607043732090403
1000,0.00019512822944374577,0.02091302772287071
1000,0.0010143808548256808,0.2042164448313942
1000,0.0008432570487692355,0.07548006025984731
1000,0.005921980165414822,0.01404368265512328
1000,0.005019250005204234,0.011956380393690067
1000,0.0004162538633170849,0.009479921462590973
1000,0.00831977450498689,1.87528997314621
1000,0.002822755232478015,0.005680241447919897
1000,0.0014204412431160027,0.004527910478233219
1000,3.562580109239816e-05,0.00042972725899921034
1000,0.0743685365149724,0.08475183020417698
1000,0.0050342280507592735,0.00616993125501224
1000,0.0019959116164081914,0.008123742319526412
1000,0.00916235733332958,0.012164241696181488
1000,0.02533928865397462,0.058763518246930636
1000,0.00217084912854782,0.0072894918668395935
1000,0.012761431213578842,0.2527040868804283
1000,0.0029427769036736856,0.021495291782161474
1000,0.002797868602654785,0.11821939131989152
1000,0.004266383358841222,0.09359858694493098
1000,0.003788695491866956,0.004494193528067255
1000,0.0015563508910131844,0.00088327275659502
1000,0.0067572275607134715,0.28094057049377097
1000,0.0009377668551103835,0.0026415982054505717
1000,0.0008326530799713961,0.0004677143487879649
1000,0.003191892590950187,0.8096533137041145
1000,0.0005719901375350424,0.0001598419191729981
1000,0.017274732884540265,0.01507828429602324
1000,0.002771428239944466,0.05117462885806316
1000,0.0121113917828819,0.022328561965183184
1000,0.0027789283727878084,0.0008756436088830502
1000,0.015049376315510832,0.04338356415671733
1000,0.02945617272551832,0.23258468042892386
1000,0.0039034081274288376,0.007089745958708904
1000,9.696237425987417e-05,0.04185500135319979
1000,0.0057753221289841925,0.0472579025068271
1000,0.0013062908134017092,0.001215692997585489
1000,0.004283253033349371,0.8387464529337286
1000,0.005209171569892786,0.006199332492797562
1000,0.00016379511190297406,0.014919283290427274
1000,0.005573342463119484,9.370689738105289e-05
1000,0.04486886085438918,0.11920686340691718
1000,0.0833030707102024,0.03994823369698992
1000,0.020853247713993005,0.0011633025803720058
1000,0.005986112110814812,0.016295775431698363
1000,0.0005387845118113169,0.14888779373371533
1000,2.8349862837882878e-05,0.004247079204754217
1000,0.004989313264559238,0.011755516491152456
1000,0.0003913470066206696,0.0003188974067518947
1000,0.0029252328621592336,0.0016709795822972312
1000,0.016145658130042675,0.009416051925856827
1000,0.00047092878606685274,0.1100069765480449
1000,0.0071674830210003955,0.0021042467311068952
1000,0.0027781955652296355,0.16250794263251644
1000,0.011650688743082338,6.132589115401599
1000,0.0018687906461593202,0.0019164868345142709
1000,0.001674768180705582,2.2547334860367902
1000,0.00916451545627402,0.017465633685284726
1000,0.009069536302002315,0.03630456076490947
1000,0.0008529464158513762,0.04400582837034359
1000,0.0017218781647063135,0.002620990913147524
1000,0.004114712391541692,0.05987711801911026
1000,0.001623567792136989,0.002591745604260096
1000,0.0003186590105054301,0.0997850945964289
1000,0.034627895384660136,0.03665405282430551
1000,0.003137731204173464,1.0243596452920165
1000,0.00038687132174676595,0.03721467690021241
1000,0.0007320023657758927,0.30853531577051474
1000,0.04290651566632877,0.03765518292586072
1000,0.001533537984064154,0.007938160138060143
1000,0.2841593320081318,0.019158170098270588
1000,0.00012472391062350434,0.011379174867454073
1000,0.018827472861857604,0.020486567963799027
1000,0.00040835746137495813,0.0039342262518525075
1000,0.000345117310257798,0.030244284204656764
1000,0.0016594375132017048,0.05253746764649771
1000,0.018969993545958734,0.001953979460422034
1000,0.0015231010907893867,0.0010610135474585993
1000,0.00187571149149672,0.01099719632395758
1000,0.007456710736218784,0.0036716771745633056
1000,0.005798709485374956,0.023557106269812753
1000,0.003552929628360472,0.04218208323032089
1000,0.00889873528884006,0.013768769492961718
1000,0.0007916490297661747,0.0005174487620137974
1000,0.0014860393694720218,0.025226118783237682
1000,0.008791676665742182,0.00785735798879767
1000,0.0009704828558415436,0.00288495876554582
1000,0.0007343250597424308,0.002807052777693654
1000,0.000744025309349192,0.1049372005204801
1000,6.544731727020693e-05,0.2183712459432876
1000,0.0017062098157133697,0.03290374552767388
1000,0.005446315612778229,0.01464706068095109
1000,0.0025377401443811946,0.0003346486832632678
1000,0.033796108831748765,0.09096958454300888
1000,0.0032489226036066334,0.0009884030946075636
1000,0.011539063891932506,0.018729074317919096
1000,2.528047979722365e-06,0.08887588289869483
1000,0.0004528196690245977,0.010317943409690151
1000,0.0008095377013152914,0.0433531650749134
1000,0.0009106665888869608,0.017869389282120684
1000,0.0004989817737284665,0.11177987207966641
1000,0.001445380651452896,0.025550229117154665
1000,0.03414928836076499,0.08809486585621121
1000,0.0001389614750635522,0.028282405543072087
1000,0.004644084345192757,0.09175532448494647
1000,0.00799764898249596,0.0008634927404583606
1000,0.009447996215416418,0.0026710082127231537
1000,0.0001256269019920395,0.006824623735597458
1000,0.0022837128688777244,0.0027631125661598476
1000,0.0038201336401417355,0.002465628811595247
1000,7.376908349020431e-05,0.011507093389064308
1000,0.006345231456269652,0.0023340481892682877
1000,0.0009691014841541259,0.04356458612028931
1000,0.00039387656002168824,0.003012108260367837
1000,0.0007003783688506037,0.0036828841899010254
1000,0.0008418065880668282,0.012092396106723854
1000,0.05646677298996403,0.15409510182726943
1000,1.5604957485271727e-07,0.02639882407722699
1000,0.003321704311045011,0.005505061729183305
1000,0.0033175520718865164,0.04209284193440888
1000,5.186289233260939e-05,0.02820973927841903
1000,0.002793532124855241,0.017502814831741563
1000,0.0013688495242060229,0.0067464065305746865
1000,0.005352568456985812,0.08200314093422532
1000,0.0045383101616795745,0.2207415959591637
1000,0.0040497936914773245,0.008023563629484618
1000,0.01608942585899576,0.01684461686241372
1000,0.009714443659666798,0.00047639171215397766
1000,0.00016964539184183327,0.06878989577330605
1000,0.0014340079263067426,0.004280858091931116
1000,0.005692725147702431,0.006680781755806127
1000,0.10705609662802698,0.2989718035424788
1000,0.001768032801016625,0.0005770341731419624
1000,0.0008615530816153034,0.004447611605420178
1000,0.00043066836025602124,0.013987329096095086
1000,0.0024122348170753346,0.0018650371735060589
1000,0.0006365753413662123,0.026556239300014196
1000,0.008296773405475345,0.004378284476224259
1000,0.007887282248848914,0.0035158716595220228
1000,0.00015376578546547542,0.012184980134365832
1000,0.00024392155988669554,0.002518930217523073
1000,0.005336376260736267,0.0279333186067662
1000,0.001641392223606971,0.012366671932936859
1000,0.0025880909650732795,0.000877633646128299
1000,0.009481843382252253,0.0108603187108472
1000,0.0013394715319742458,0.0026617532715497863
1000,0.0007283846522808865,0.005680511973281977
1000,0.0021532811620589157,0.0050097791594921805
1000,0.0037239188191927333,0.0277381756542598
1000,0.0026217531038115194,0.005260807948290475
1000,0.2125231070153392,0.006497623484861856
1000,0.0009119736722789524,0.009527355397142086
1000,0.0016798571351025232,0.0019526067594488436
1000,0.011337990908271362,0.3556341217704482
1000,0.002572091335452927,0.022279454001812977
1000,0.0031198861448547242,0.02769787961915126
1000,0.0015457496725273284,0.8804540021263276
1000,0.5491232849477008,0.04718998612126864
1000,0.0023660359729001353,0.011539526256906001
1000,0.0003206643754464941,0.0034626344749721025
1000,0.0005874429458033009,0.0009482981839807671
1000,0.0030171254473395437,0.11322085980233262
1000,0.0012189672021709773,0.004342600169899166
1000,0.004106980227657915,0.012562201448151275
1000,0.055974421912321284,0.030264903230225564
1000,0.0008190377227074565,0.0011473656762270076
1000,6.443629549601415e-05,0.06351931152623799
1000,0.005111769045342262,0.026550468645363694
1000,0.0015402320125383335,0.1408219657721826
1000,0.0009181197440279806,0.010301363003328266
1000,0.009012476233188084,0.2586153242831689
1000,0.0002051496714280236,0.03301899658250861
1000,0.015231957895296364,0.2243695192289215
1000,0.0001570137634076031,1.3250868170285703
1000,0.000228362980793114,0.0003241445543828578
1000,0.005166886782129093,0.17541002187109384
1000,0.006219128078855567,0.04716159936799258
1000,8.920154503174906e-05,0.14866629269727433
1000,0.001169625074493445,0.0024756725849046134
1000,0.003175246604184111,0.1066553933640626
1000,0.02412644780298848,0.09972994437302654
1000,0.04171503767664007,0.005458978232301764
1000,0.003019254087919776,0.4161896565054941
1000,0.003089591974621244,0.006971179902551139
1000,0.0013548708764036595,0.0027660809094473215
1000,0.03326682127123243,0.7726985953444557
1000,0.007183956869830349,0.0844003982728049
1000,0.01874506139085081,0.0038779754126702813
1000,0.014477201469728635,0.004544592207448154
1000,0.0008634121226326166,0.0019679088923791437
1000,0.0013292847713056583,0.0016210191565315855
1000,0.00011356485451901745,0.17239731613043136
1000,0.0021373437936784917,0.0013889807526094606
1000,0.0012350980252126102,0.0003421107239573664
1000,0.0003243217509187991,0.0007751032193649863
1000,0.007395310186716979,0.11667269536328133
1000,0.005336306973261913,0.0006963849705288519
1000,0.004371706723101014,0.007681895202955707
1000,0.0034547797792596536,0.0003123978827016214
1000,6.016780567474117e-05,0.1331428404096529
1000,0.004437539119834228,0.005424812167271487
1000,0.0023962369951381754,0.003566028034131527
1000,0.003277924937517844,0.037153722201692455
1000,0.00476689558121071,0.01563603976002776
1000,0.0034284166420315747,0.002370639217518139
1000,0.00040598169981885117,0.005965350073169505
1000,0.0015370605113306705,0.006557564184326811
1000,0.4037296808604774,0.011766040013205265
1000,0.0005269157412820609,0.07932689736647161
1000,0.005260616883665805,0.017857940838926827
1000,0.015578983260274857,0.0065357391671747615
1000,0.012423717715036703,0.2845745867591036
1000,0.028280213884590573,0.08796962619464843
1000,0.0004530222288353076,0.2538309976462042
1000,0.001774679408973637,0.476360524886298
1000,0.005518698279131103,0.00989442113986136
1000,0.0003594865247922627,0.014220747880382361
1000,0.002594105159427141,0.048238034251222583
1000,0.0038366564377431294,0.004623442183555129
1000,0.0011093256080535769,0.019609317862805852
1000,0.062477710659856314,0.02821609181408406
1000,0.0001315138407648553,0.0014829059153048613
1000,0.005675798188828416,0.021346578366892376
1000,3.7568417150668056e-05,0.8942521035223023
1000,0.0030690101111719727,0.0026728215545168367
1000,0.002381510981557756,0.04719337283068464
1000,0.0030429567603658908,0.0011465407080844966
1000,0.0019673251864481,0.0229053515005186
1000,0.0036265748669303765,0.01728739686454068
1000,0.0004412457524919567,0.027463261422264622
1000,0.0012589646512167142,0.0005903709872907094
1000,0.005149013200673085,0.02257819035464601
1000,0.00490643962851244,0.005636026892204063
1000,5.318064975665553e-05,0.004275275066839937
1000,0.024543539802264085,0.02690615980474472
1000,0.00043846169840286805,0.027413607579922238
1000,0.0009327131615632291,0.004483705317731366
1000,0.06745887792301505,0.3438844399125553
1000,0.015252912697367402,0.06482618548535338
1000,0.017252825382837143,0.0022372761872401217
1000,0.0007882940279986931,0.33279653327579306
1000,0.0007137608094775327,0.000656288707953081
1000,0.00918253244706872,0.029295128412462478
1000,0.0010625878621303036,0.010546311945240073
1000,0.0007826116567706074,0.019618235268829283
1000,0.007265807191726942,0.45176422303895236
1000,0.001026107093704492,0.21064547327493693
1000,0.0006722207729519537,0.009199371073351528
1000,0.037370998771561095,0.25506500942577853
1000,0.005761190562387053,0.04974967540486069
1000,0.003593248604823865,0.01273068675421447
1000,0.017463888196271784,0.13043445734300035
1000,0.0004166913628669707,0.016135870258361818
1000,0.0007158442366057838,0.029768682168985355
1000,0.005880790387939239,0.04978297826430701
1000,0.006757207447328643,0.02058081811985247
1000,0.011295833455746042,0.0018654192648090537
1000,3.339001324918729e-05,0.020699379399496336
1000,0.0005273061416276236,0.0002613023312589981
1000,0.0009862398316103666,0.004962920645698537
1000,0.0014413585618604364,0.026098875156447144
1000,0.02062676798135509,2.015832503996408
1000,0.002811670237486782,0.0010930075634112053
1000,0.00677989980891342,0.10035566688314095
1000,0.0024245422497179625,0.047405423150078015
1000,0.0015159136213194692,0.004449316064089965
1000,0.0006238448345813488,0.10183777610590064
1000,0.004229505683871179,0.002205628886781175
1000,0.006962939794900207,0.14575004591830784
1000,8.943685456740923e-05,0.0016792633803822004
1000,0.013975467161769459,0.09720269192227338
1000,0.0004422082060587261,1.581229459353716
1000,0.0009799768075093216,0.0047154827570571305
1000,0.017168136579142908,0.2755038524142071
1000,0.0039188120680846645,0.042382098261905664
1000,0.0007241236303137872,0.09970614187354884
1000,0.02568787881991722,0.030610877674830245
1000,0.007286268865194162,0.007632875832615351
1000,0.00025443823861852897,0.01038473286634557
1000,0.00034600910426696874,0.10770344467343249
1000,0.004647148332845423,0.014247849552661899
1000,0.0004188082657347386,0.0009607831611958484
1000,0.011111044943593277,0.31942463466535514
1000,0.0054543621449498775,0.0027061098622690382
1000,0.0038248503425173325,0.003037035064919904
1000,0.0018353773891427263,0.007291670845595277
1000,0.0006024274150759508,0.07280605317829422
1000,0.0019731600224291894,0.008034899733101026
1000,0.01926395835197592,0.037073311472262886
1000,0.00291268789296083,0.11126843414290048
1000,0.04045844332585691,0.049916223433585
1000,0.003980632180008187,0.028713553582248096
1000,0.0030227340806417346,0.18951801034265908
1000,0.00013880558808442397,0.3252522030651991
1000,4.687552806719216e-05,0.04014244682677046
1000,0.0028535151474158174,0.003565141498321731
1000,0.005639861009233408,0.0018854047020029723
1000,0.007583820987970061,0.026540650482688256
1000,0.0013747919678171094,0.025754785384542133
1000,0.0038366057882669924,0.3107789292446624
1000,0.01674524061543231,0.02484410960916273
1000,0.0006605228650260545,0.02651631820071255
1000,0.0027000409042251166,0.06666241530213338
1000,0.0023780430713587404,0.0002320450663428763
1000,0.003505359256779286,0.0011252866544908262
1000,0.002285324780440832,0.003999794596896951
1000,0.0006905328502429911,0.0015343600579524866
1000,0.0009244520351519639,0.002400770964607904
1000,0.0011529187460495916,0.015350139703581234
1000,0.008395284642791401,0.052421671985346474
1000,0.006197625806943202,0.047941206045541286
1000,0.0008938951155490103,0.0034895077984817093
1000,0.00025438381980784477,0.03763178360897592
1000,0.0003768456491653947,0.09424011071335679
1000,0.00820090237775253,0.2702464344923047
1000,0.0006866629784848984,0.009173052941543552
1000,0.031578338125232926,0.09069940088051533
1000,0.0006290311298935475,0.0008195592013633967
1000,0.027963028988630744,0.055947261948612416
1000,0.0019148369946230478,0.004476992814619063
1000,0.003125537595297863,0.006847577529568524
1000,0.004367909012460333,0.13617244745373913
1000,0.00040069525570486447,0.1236172974554542
1000,0.0014048679883142817,0.008151174344905603
1000,0.0014075733242422243,0.0002019462502279452
1000,0.002021185067542851,0.0012252066212954525
1000,7.610288318820822e-05,1.8362535254603564e-05
1000,0.0022083138795174345,0.0038884265380220466
1000,0.01155666144832411,0.08923923698053438
1000,0.005518566183159707,0.10086751157664102
1000,0.0019575082398320303,0.0013680488904628148
1000,0.0026006259402452632,0.011187980329874525
1000,0.0005530897066440894,0.1680914986939373
1000,0.002598952880343876,0.00620267050953916
1000,0.016011629160484674,1.0284567490785181
1000,0.0013137138520814308,0.01531635440469964
1000,0.0018363753643944037,1.2563738912693394
1000,0.00313015753632633,0.0009325709929495328
1000,0.0018955036442521555,0.075707042659103
1000,0.003906961146279131,0.11084257501726942
1000,0.0004900883437277629,0.0018245217350049505
1000,0.18003501592313903,0.08155495978819904
1000,0.002629735912480945,0.024675022486616564
1000,0.0030102558027228646,0.039821876449096016
1000,0.00035292310363138694,0.013739782593555575
1000,0.0016992877838277586,0.00016761930367450534
1000,0.0006658014860666279,0.16474752946895502
1000,0.004895285218078085,0.004174272447260524
1000,0.003595318521667562,0.0932726274742294
1000,0.0027605215555995275,0.012112552883905656
1000,0.0017409148922923694,0.002545671755374726
1000,0.001058401719658222,0.007251066639236972
1000,0.0031580215561259352,0.28728230614087685
1000,0.00012082459405197462,0.03115391325957966
1000,0.007351495146504436,0.0046882985968403346
1000,0.002954617011787225,0.0032119350966297823
1000,0.031270643436758574,0.37916249358881654
1000,0.0012756454116639073,0.013776864737004896
1000,0.0059953553520113246,0.00833863337158849
1000,0.0018483520418673398,0.004122371283329333
1000,0.0006264611309125288,0.005526327093826588
1000,0.004623743576602032,0.013268622810700787
1000,0.00033149931907539736,0.042933644462566936
1000,0.00017515608686037524,0.06997533002960352
1000,0.15868579365623162,0.017775517384504284
1000,0.008279299320882724,0.006767732418747145
1000,0.051459788709835266,0.12966090905607514
1000,0.0006116204216683351,0.001163095366491045
1000,0.007120239754453593,0.09092496421239149
1000,0.0022911140570909135,0.0005152064736231087
1000,0.06567219013150213,0.29779188629523373
1000,0.008086737300747358,0.346202325222967
1000,0.008824199465559136,0.001830023685434432
1000,0.036614806585709384,0.00668231545888179
1000,0.0013649847977333222,0.0031028637598511264
1000,0.0006406172787937079,0.010160953857144385
1000,0.0043827595886411,0.23338992689033353
1000,0.021976006307788596,0.007845917754196779
1000,0.00019549623442863018,0.01200461270771408
1000,0.0016875857863047736,0.030953734224562164
1000,0.0025873021099643706,0.009532661973104359
1000,0.03189382430790789,0.002068290530548991
1000,0.005410766094251321,0.0008618673252241973
1000,0.00018950910152244825,0.0009021779460687823
1000,0.0369155948901565,0.0832406669817183
1000,0.005406835981370804,0.0456484124457716
1000,0.006334488482313374,0.010574219936077114
1000,0.00021662330720314087,0.02907049353042107
1000,0.003256139069729931,0.009655202385627542
1000,0.006717528500817156,0.0013038876963989178
1000,0.00029747749409537365,0.003098261027297113
1000,0.007651920107955147,0.005495630974605012
1000,0.011008771910467325,0.00033885184099363735
1000,8.160765746236516e-05,0.0033306262273383952
1000,0.000827211387014057,0.006927810857578513
1000,0.07090388497405388,0.042750821155149735
1000,0.027335374720304624,0.0008207851023340901
1000,0.0017999723201399531,0.0025427557823666158
1000,0.00023150718478561917,0.22659076475742568
1000,0.002373894839106199,0.00044255705610149145
1000,0.00846106710676037,0.3941121060468692
1000,0.007160624731269852,0.008848578983653228
1000,0.004535304734097128,0.0014820418996086154
1000,0.0009862314260487646,0.018916106672021763
1000,0.0008590071494179294,0.0019644977105124297
1000,0.0046750644023437595,0.03030148680843071
1000,0.0018240170761661238,0.3253213552774178
1000,0.011046282341548573,0.00439376967884193
1000,0.000503946375440968,0.004053330890469096
1000,0.004874097445447184,0.009970426598732351
1000,0.006882412421353188,0.0399648115919695
1000,0.00036059518467963184,0.0003096606067213651
1000,0.009885761338039882,0.0624778752703349
1000,0.0005893681218635865,0.013927889738604305
1000,0.006387442949283938,0.003993602457849072
1000,0.002969265560845288,0.008551838218163386
1000,0.00043587186689755217,0.015017296438817404
1000,0.004768566748834404,0.0019350446079994265
1000,0.007098059875235489,0.27951619035496195
1000,0.0063507251293746375,0.18614738918034038
1000,0.0005870139378445656,0.0025796850804459025
1000,0.01139338044680244,0.003929009551726535
1000,0.00434348657997384,0.00038237407206255004
1000,0.0020150651081715246,0.17008138515845547
1000,0.0016408979574640422,0.08994816810979644
1000,0.004090603231590947,0.0938044520660801
1000,0.0005358070557343623,0.019677715541241377
1000,0.007817965610896944,0.028112000995590254
1000,0.004084237975450577,0.582807158480788
1000,0.0030412079839872196,0.006427202737540065
1000,0.0015593878612247365,0.08774220449973066
1000,0.0030590947283005397,0.02832980662309408
1000,0.004813188276057168,6.0564127491892945
1000,0.00029672796903071916,0.07809335195818888
1000,0.004455774621339772,0.02681924182743195
1000,0.0009934042849821492,0.001590250951432799
1000,0.0009569151294794859,0.008613788730260013
1000,0.0003038939024049849,0.010479778703987823
1000,0.0013559368886140745,0.039513608268841864
1000,0.03565534304500894,0.019252305134013048
1000,0.06344865748375425,0.19948010268775915
1000,0.0015529461402517008,0.11412803054082546
1000,0.003604826958287064,0.08639059551924554
1000,0.00402461778140997,0.005751295127724184
1000,0.0037293932620971046,0.009450688249970769
1000,0.014009953583497436,0.005083058818180339
1000,0.0007646011122736721,0.005776093542974591
1000,0.0020337531291783747,0.006455343629443652
1000,0.010423099892870819,0.05355444208473552
1000,0.007212609714727458,0.00322933493877873
1000,0.021541662382352646,0.002366458975574883
1000,0.1290727171071792,0.07761836132961467
1000,0.012421130842687656,0.11747502393508344
1000,0.001843666194329655,0.004778150055059915
1000,0.3104882029184898,0.3840267190349803
1000,0.0009725570074567349,0.005162158848956154
1000,0.017329255425015243,0.028693548174907112
1000,0.002724491172743238,0.5222942157618518
1000,0.0017884459350882413,0.15331713555700624
1000,0.003933543066503439,0.013574885500038108
1000,0.01013201567523105,0.00715563002501324
1000,0.0012070253424872252,0.04277158674251501
1000,0.011125280102191049,0.0009778077819946555
1000,0.009200916395914666,0.009454599769652237
1000,0.01176784837109321,0.24406648903202116
1000,0.07268165741251624,0.011260395697605232
1000,0.001387566412055289,0.00601517038016936
1000,0.013191981314068546,0.033466778666708455
1000,0.03209137112123356,0.011114296217358271
1000,0.002849357860149532,0.009803396359850721
1000,8.295917618954396e-05,0.18942223494150848
1000,0.0008591825526478748,0.03395900189062108
1000,0.00022634130733978822,0.11950853383838714
1000,0.0023354232345657927,0.1187458631741722
1000,0.002848893633027677,0.0024057279004030744
1000,0.0034547156869004004,0.02797142162450945
1000,0.009382273698224313,8.867751766317891
1000,0.012904283410703595,0.005771555963698348
1000,0.003994024035607879,0.001660634537936831
1000,0.02756746193871616,0.015015579200737095
1000,0.005236852748819176,0.002709993850490619
1000,0.00029930847858285713,0.32470021967852014
1000,0.0005732599084424049,0.2148797544014261
1000,0.0008087785010277272,0.1579594792760744
1000,0.001148222523204045,0.028426038116987556
1000,0.007881304964279075,0.0466710580532939
1000,0.0016650069985005389,0.3233969449181632
1000,0.019905425384079804,0.009850976419666577
1000,0.0002541211615258763,0.02001714556137235
1000,0.0332934209774655,0.001091869670912906
1000,0.00031349471023238776,0.0019230428060913705
1000,0.0006092102923308986,0.0041851382674532745
1000,0.0007096481709435965,0.0016303049264569194
1000,0.005356126395595156,0.10765110012444445
1000,0.1675442672965799,0.01977838031863437
1000,0.002752430691058937,0.10757080131154018
1000,0.010700054820631928,0.030580073427085873
1000,0.0006280963639128601,0.0003719524309359774
1000,0.00746795192218649,0.9029273056996617
1000,0.007122886891579193,0.5040902025022167
1000,0.0006706087943974235,0.0060038162454589105
1000,0.0005230167971763918,0.002576147363402971
1000,0.00040626310352967157,0.0093639704426338
1000,0.02615256867841475,0.015011750014051053
1000,0.004983228489902193,0.003677979395675283
1000,0.00010143059472381364,0.007665951209996721
1000,0.00296701390509307,0.007794982022771073
1000,0.0007502258171926455,3.945785754192006e-05
1000,0.00075238657739068,0.0006204070361569295
1000,0.0016644135815269752,0.08975768464628012
1000,0.007276316258936463,0.008595966409865586
1000,0.006474208650301724,0.0060507216633734874
1000,0.008553717049094111,0.001764410534486275
1000,0.000937072277889865,0.003561143086078642
1000,0.00548665856865087,0.04373297879012246
1000,0.000567572748279295,0.021010348017827075
1000,0.005738263137866473,0.00032613948512823064
1000,0.0010863675870659646,0.0030698085259854777
1000,0.0017660263008531063,0.0060336873649222324
1000,0.000312864020071342,8.496842761938247e-05
1000,0.0004941820554349386,1.0264473968782415
1000,0.0068126942061876,0.08448205896761149
1000,0.00878993565705209,0.07286648351874371
1000,3.0745426864176416e-05,0.0027796971276673643
1000,0.0006300228919088825,0.05214890323218405
1000,1.2253451988846588e-06,0.0011457404248994025
1000,0.000651163200572635,0.04525129916093133
1000,0.01767429144826841,0.01930473225365745
1000,0.0017967769735087447,0.020616190617980545
1000,0.04714167624440729,0.013839296862885611
1000,0.01130217785341866,0.0035385839163618324
1000,0.0017012479979784992,0.11252511265087597
1000,0.0007439510847555649,0.0006846281464840684
1000,0.0012620569282743536,0.005487766841034072
1000,0.00039639095925855073,0.8262236268199088
1000,0.002165079986407327,0.0001748195816793651
1000,0.008985429694224265,0.4713637925415693
1000,0.026737337864482395,0.0024011833854409065
1000,0.0014824730450396777,0.09420347290735895
1000,0.065129601400732,0.16337536534005065
1000,0.02770451856826577,0.04404816014138952
1000,0.00018389544852074707,0.011393678763247681
1000,0.0016173566486701722,0.0659591806650022
1000,0.011798359831825988,0.09378734839484537
1000,0.0034620255838634915,0.009901408498616943
1000,0.004445686905650775,0.012631511899472947
1000,0.016255093814970624,0.22194024131003237
1000,0.0003504522790903432,0.0264064100330401
1000,0.0012464277940454124,0.033387719072295076
1000,0.0026029118646862187,0.0030249615860250554
1000,0.0004486649175623198,0.01735376490590396
1000,0.00514314976628634,0.026149442880816616
1000,0.001410202807978746,0.003346360222798402
1000,0.0016659739260897533,0.026262665942647916
1000,0.0018355058415634562,0.02241567971222367
1000,0.0032352042425033687,2.7618606322826387e-05
1000,0.009860185042624484,0.018387828420642797
1000,0.0020274851990092534,0.004759518777392069
1000,0.0004933808637017387,0.0032887291784201044
1000,0.0028116507107815584,0.008315560758847847
1000,0.009893372920444487,0.14174531047012834
1000,0.006505679005947579,0.033836228714818194
1000,0.002328353484942233,0.14604820523161838
1000,0.001288723617595524,0.006402336581259162
1000,0.005123529628730372,0.009038324284854168
1000,0.00011907795985392727,0.00366691088465892
1000,0.0011727879879784935,0.0016150681215330348
1000,0.004825944959790615,0.003518393464565687
1000,0.004975170099667427,0.008093794235036204
1000,0.027159254783264496,0.04078630860515502
1000,0.0015201616009214935,0.006736748876817236
1000,0.0015346791415566982,0.15038264373543003
1000,0.044652494658687966,0.05912817228673269
1000,0.0029231366816314186,0.0719652211651931
1000,0.00041480554188498623,0.008074012838484315
1000,0.25042388920132386,0.37266362869553626
1000,0.019719668118105847,9.037645689785358e-06
1000,0.00286514207420977,5.5302453320815165e-05
1000,0.0021450468053356526,0.0017294745130464893
1000,0.0007044126914311828,1.8039995709488075
1000,0.001183240402752419,0.0005899829466450393
1000,0.02168307567605287,0.08846798881886196
1000,0.0010216316115182796,0.07475234420431165
1000,0.0014942889043861876,0.013689446558068344
1000,0.0030208610250566847,0.011088679771226049
1000,0.0030045178016951763,0.024033388845070926
1000,0.005078543385141387,0.005932671659044911
1000,0.0043704804180957095,0.01954418590911434
1000,0.0010378470091810638,0.002498684674843081
1000,0.009516026930890969,0.02217734656315167
1000,0.001516442719881997,0.17943575230327657
1000,0.0018590788168294694,0.0008958419546134282
1000,0.011576590826719824,0.12887456430375321
1000,1.0512278208954782e-05,0.020008407759530243
1000,0.0030861112337879837,0.007131755518598982
1000,0.0003875641034437441,0.05510559877848168
1000,0.002312900322244702,0.08553241471619906
1000,0.0021470863647970037,0.01501263838328778
1000,0.0007929509611074347,0.6299107536251186
1000,0.0021880589705537516,0.020005969051852833
1000,0.011218699178956,0.021129532686128154
1000,0.0018999570858764837,0.009222034427856822
1000,0.011770601479365178,0.009508829609438316
1000,0.008798003508938019,0.0002066086238400077
1000,0.00011441289503717781,0.0008127702251711566
1000,0.0015849203859331841,0.005491831241374331
1000,0.0008662087414403674,0.008310456101113707
1000,0.0013578599910715797,0.07216740071770897
1000,0.0009381711233321252,0.03448579988003681
1000,0.006387078387514486,0.015636662749072737
1000,0.010902484577862904,0.018940244031106314
1000,0.0017878135162631697,0.0017873234869616287
1000,0.0023794900031433664,0.00246128059504183
1000,0.0001327300874849762,0.003229478238838631
1000,0.011669480704390656,0.036402811430568185
1000,0.0015532867917616203,0.056666470427110496
1000,0.0007832984511097907,0.010767413271342124
1000,0.000428789107490438,0.16068628375127056
1000,0.00641659086991758,0.022295518657145182
1000,0.0005253082367485204,0.15488331266491348
1000,0.00814123558016096,0.008625281635478241
1000,0.004737082879793836,0.017996765394180193
1000,0.0008972766010897562,0.034625562605229795
1000,0.001232437323019529,1.4398925927116586
1000,0.0013385671310781155,0.31374672526148756
1000,0.0014360590138211816,0.27777939580124317
1000,0.0027321216891879425,0.0022275387856387154
1000,0.03625798454890215,0.012054873679544779
1000,0.008673612234826189,0.01491746518896635
1000,0.0012179291049671695,0.0050732670855569975
1000,0.016373744334365094,0.028273363026310123
1000,0.07169022595535948,0.0018793061866730948
1000,0.0011679095096312898,0.01228775376520613
1000,0.0015921492583762388,0.21239320883204912
1000,0.09538739778431593,0.09656570156471904
1000,0.02717381137301325,0.02565727659001627
1000,0.0007068977884739586,0.007738708785856768
1000,0.21924191923638486,3.174815089700309
1000,0.03491857224213464,0.02115401522679077
1000,0.0050290817902924195,0.0037486736824469047
1000,0.0008855123324464163,0.007509620654180006
1000,0.0036299855986662703,0.43585622421363457
1000,0.003951924673153958,0.12561675971920194
1000,0.0011386105231045059,0.009272289729881627
1000,0.018217262059891104,0.05440372304051343
1000,8.38791934228931e-06,0.0013405521062936604
1000,0.00045331381035170447,0.000991705574683529
1000,0.012206303780917587,0.004037942573275556
1000,0.02549621640094818,9.09820441615137e-05
1000,0.004645046181996305,0.0005832147294614275
1000,0.002561176927509591,0.013426068036209316
1000,0.000754866844169374,0.003341263689432926
1000,0.003473877799775598,0.0051591169566906885
1000,0.00028216165857930135,0.0022440321340233627
1000,0.00222754922144664,0.0906827417462752
1000,0.00034942292658719944,0.06002851785468908
1000,0.09049896295692184,0.1987274476973293
1000,2.3187238271164328e-05,0.0006622769648763487
1000,0.045530553079047534,0.026284773016190022
1000,0.0006533055259238085,0.001894558076562733
1000,0.002355420773027131,0.0013747880363743944
1000,0.00031286144718972085,0.00010362816412467569
1000,0.003530207542238899,0.0872787609513895
1000,0.015548692124937761,0.009047234884726906
1000,0.0002063369377466314,0.007727260323567341
1000,0.0023401354572643246,0.0014097848814610269
1000,1.6315905811867044e-05,0.09045185674743703
1000,0.026792588691947207,0.047811815572897605
1000,0.0017472078164490492,0.0034165465156492858
